-- MySQL dump 10.17  Distrib 10.3.12-MariaDB, for debian-linux-gnu (x86_64)
--
-- Host: localhost    Database: orders
-- ------------------------------------------------------
-- Server version	10.3.12-MariaDB-2

/*!40101 SET @OLD_CHARACTER_SET_CLIENT=@@CHARACTER_SET_CLIENT */;
/*!40101 SET @OLD_CHARACTER_SET_RESULTS=@@CHARACTER_SET_RESULTS */;
/*!40101 SET @OLD_COLLATION_CONNECTION=@@COLLATION_CONNECTION */;
/*!40101 SET NAMES utf8mb4 */;
/*!40103 SET @OLD_TIME_ZONE=@@TIME_ZONE */;
/*!40103 SET TIME_ZONE='+00:00' */;
/*!40014 SET @OLD_UNIQUE_CHECKS=@@UNIQUE_CHECKS, UNIQUE_CHECKS=0 */;
/*!40014 SET @OLD_FOREIGN_KEY_CHECKS=@@FOREIGN_KEY_CHECKS, FOREIGN_KEY_CHECKS=0 */;
/*!40101 SET @OLD_SQL_MODE=@@SQL_MODE, SQL_MODE='NO_AUTO_VALUE_ON_ZERO' */;
/*!40111 SET @OLD_SQL_NOTES=@@SQL_NOTES, SQL_NOTES=0 */;

--
-- Table structure for table `clients`
--

DROP TABLE IF EXISTS `clients`;
/*!40101 SET @saved_cs_client     = @@character_set_client */;
/*!40101 SET character_set_client = utf8 */;
CREATE TABLE `clients` (
  `client_id` int(100) NOT NULL AUTO_INCREMENT,
  `client_name` varchar(255) NOT NULL,
  `address` varchar(255) NOT NULL,
  PRIMARY KEY (`client_id`)
) ENGINE=InnoDB AUTO_INCREMENT=6 DEFAULT CHARSET=utf8mb4 ROW_FORMAT=COMPACT;
/*!40101 SET character_set_client = @saved_cs_client */;

--
-- Dumping data for table `clients`
--

LOCK TABLES `clients` WRITE;
/*!40000 ALTER TABLE `clients` DISABLE KEYS */;
INSERT INTO `clients` VALUES (1,'Stas Fedor','Kiev'),(2,'Voytenko Igor','Kharkov'),(3,'Cherniy Genadiy','Odessa'),(4,'Moteyko Ivan','Vinitsya'),(5,'Stoyan Gleb','Lviv');
/*!40000 ALTER TABLE `clients` ENABLE KEYS */;
UNLOCK TABLES;

--
-- Table structure for table `order_details`
--

DROP TABLE IF EXISTS `order_details`;
/*!40101 SET @saved_cs_client     = @@character_set_client */;
/*!40101 SET character_set_client = utf8 */;
CREATE TABLE `order_details` (
  `detail_id` int(100) NOT NULL AUTO_INCREMENT,
  `product_id` int(100) NOT NULL,
  `client_id` int(100) NOT NULL,
  `order_id` int(100) NOT NULL,
  `order_performed` varchar(255) NOT NULL,
  PRIMARY KEY (`detail_id`)
) ENGINE=InnoDB AUTO_INCREMENT=7 DEFAULT CHARSET=utf8mb4;
/*!40101 SET character_set_client = @saved_cs_client */;

--
-- Dumping data for table `order_details`
--

LOCK TABLES `order_details` WRITE;
/*!40000 ALTER TABLE `order_details` DISABLE KEYS */;
INSERT INTO `order_details` VALUES (1,2,2,1,'not performed'),(2,5,3,2,'not performed'),(3,3,1,3,'performed'),(4,1,5,4,'performed'),(5,2,2,1,'not performed'),(6,2,2,1,'not performed');
/*!40000 ALTER TABLE `order_details` ENABLE KEYS */;
UNLOCK TABLES;

--
-- Table structure for table `orders`
--

DROP TABLE IF EXISTS `orders`;
/*!40101 SET @saved_cs_client     = @@character_set_client */;
/*!40101 SET character_set_client = utf8 */;
CREATE TABLE `orders` (
  `order_id` int(100) NOT NULL AUTO_INCREMENT,
  `client_id` int(100) NOT NULL,
  `product_id` int(100) NOT NULL,
  PRIMARY KEY (`order_id`)
) ENGINE=InnoDB AUTO_INCREMENT=7 DEFAULT CHARSET=utf8mb4;
/*!40101 SET character_set_client = @saved_cs_client */;

--
-- Dumping data for table `orders`
--

LOCK TABLES `orders` WRITE;
/*!40000 ALTER TABLE `orders` DISABLE KEYS */;
INSERT INTO `orders` VALUES (1,2,2),(2,3,5),(3,1,3),(4,5,1),(5,2,2),(6,2,2);
/*!40000 ALTER TABLE `orders` ENABLE KEYS */;
UNLOCK TABLES;

--
-- Table structure for table `products`
--

DROP TABLE IF EXISTS `products`;
/*!40101 SET @saved_cs_client     = @@character_set_client */;
/*!40101 SET character_set_client = utf8 */;
CREATE TABLE `products` (
  `product_id` int(100) NOT NULL AUTO_INCREMENT,
  `product_name` varchar(255) NOT NULL,
  PRIMARY KEY (`product_id`)
) ENGINE=InnoDB AUTO_INCREMENT=6 DEFAULT CHARSET=utf8mb4;
/*!40101 SET character_set_client = @saved_cs_client */;

--
-- Dumping data for table `products`
--

LOCK TABLES `products` WRITE;
/*!40000 ALTER TABLE `products` DISABLE KEYS */;
INSERT INTO `products` VALUES (1,'Lenovo Y700'),(2,'Asus Rog'),(3,'Acer Aspire'),(4,'HP m1522'),(5,'Apple Air');
/*!40000 ALTER TABLE `products` ENABLE KEYS */;
UNLOCK TABLES;
/*!40103 SET TIME_ZONE=@OLD_TIME_ZONE */;

/*!40101 SET SQL_MODE=@OLD_SQL_MODE */;
/*!40014 SET FOREIGN_KEY_CHECKS=@OLD_FOREIGN_KEY_CHECKS */;
/*!40014 SET UNIQUE_CHECKS=@OLD_UNIQUE_CHECKS */;
/*!40101 SET CHARACTER_SET_CLIENT=@OLD_CHARACTER_SET_CLIENT */;
/*!40101 SET CHARACTER_SET_RESULTS=@OLD_CHARACTER_SET_RESULTS */;
/*!40101 SET COLLATION_CONNECTION=@OLD_COLLATION_CONNECTION */;
/*!40111 SET SQL_NOTES=@OLD_SQL_NOTES */;

-- Dump completed on 2019-03-10  1:47:31
